{
    "mean": {
        "E_LUMO_PM6[eV]": 0.8244462549988237,
        "IsotropicAverageAlpha [A.U.]": 105.29300989649494,
        "AverageGamma [A.U.]": 2192865020.0415287,
        "S1(CAS2-1+CIS) [eV]": 4.728999164079039,
        "INDOS-OscStr(CAS2-1+CIS)": 0.018681960479887086,
        "Si": 158.21037648387068,
        "Mv": 0.5887427016607842,
        "Mare": 0.9651716984162642,
        "Mi": 7.6708111280609925,
        "nHBAcc": 1.2834627146553752,
        "nHBDon": 0.5848035756292637,
        "n6Ring": 0.39190778640319923,
        "n8HeteroRing": 0.06304398964949423,
        "nF9HeteroRing": 0.07809927075982122,
        "nT5HeteroRing": 0.26629028463890847,
        "nT6HeteroRing": 0.27805222300635146,
        "nT7HeteroRing": 0.1529051987767584,
        "nT8HeteroRing": 0.12961656080922135,
        "nT9HeteroRing": 0.10068219242531169,
        "nT10HeteroRing": 0.05198776758409786,
        "nRotB": 0.10162314749470713,
        "RotBFrac": 0.015019884974013412,
        "nRotBt": 1.6673723829687133,
        "RotBtFrac": 0.1884369139838441
    },
    "stdev": {
        "E_LUMO_PM6[eV]": 1.7487329288028417,
        "IsotropicAverageAlpha [A.U.]": 103.17497240264467,
        "AverageGamma [A.U.]": 57652641463.231674,
        "S1(CAS2-1+CIS) [eV]": 2.921911882063811,
        "INDOS-OscStr(CAS2-1+CIS)": 0.05325197282549656,
        "Si": 50.30852639914072,
        "Mv": 0.08015749150895236,
        "Mare": 0.054602974727902716,
        "Mi": 0.17355987866295552,
        "nHBAcc": 1.112092958248755,
        "nHBDon": 0.7684342858710206,
        "n6Ring": 0.5416289734858879,
        "n8HeteroRing": 0.24304206429869027,
        "nF9HeteroRing": 0.27439591361660143,
        "nT5HeteroRing": 0.5184344359306021,
        "nT6HeteroRing": 0.5140560781391167,
        "nT7HeteroRing": 0.40013277636198474,
        "nT8HeteroRing": 0.37178205288433114,
        "nT9HeteroRing": 0.306330917957408,
        "nT10HeteroRing": 0.22411156747279942,
        "nRotB": 0.477707908648174,
        "RotBFrac": 0.06958182116411,
        "nRotBt": 1.4795448820466834,
        "RotBtFrac": 0.17960683563751034
    }
}
